insert into persona (id_persona, fec_mod, fec_reg, id_usu_mod, id_usu_reg, ap_materno, ap_paterno, ci, correo, nombre, nro_celular) values
(10001, now(), now(), null, 0, 'Uscamayta', 'Mamani', '7890123LP', 'steven.mamani@gmail.com', 'Steven', '71500201'),
(10002, now(), now(), null, 0, 'Da Silva', 'Torres', '4231054SC', 'luciana.torres@gmail.com', 'Luciana', '76300002'),
(10003, now(), now(), null, 0, 'Choque', 'Quispe', '5512931LP', 'alexis.quispe@gmail.com', 'Alexis', '76532112'),
(10004, now(), now(), null, 0, 'Justiniano', 'Flores', '9218383SC', 'dayana.flores@gmail.com', 'Dayana', '71123811'),
(10005, now(), now(), null, 0, 'Calle', 'Limachi', '5539922LP', 'jhoselyn.limachi@gmail.com', 'Jhoselyn', '78594218'),
(10006, now(), now(), null, 0, 'Pereyra', 'Vaca', '8123441SC', 'daniela.vaca@gmail.com', 'Daniela', '72620123'),
(10007, now(), now(), null, 0, 'Laura', 'Chambi', '4421983LP', 'mauricio.chambi@gmail.com', 'Mauricio', '72582345'),
(10008, now(), now(), null, 0, 'Suárez', 'Antelo', '3499211SC', 'nicolas.antelo@gmail.com', 'Nicolás', '75893212'),
(10009, now(), now(), null, 0, 'Ajhuacho', 'Aruquipa', '7812744LP', 'sheyla.aruquipa@gmail.com', 'Sheyla', '70190213'),
(10010, now(), now(), null, 0, 'Terceros', 'Montaño', '5378345SC', 'dilan.montano@gmail.com', 'Dilan', '78930421'),
(10011, now(), now(), null, 0, 'Ticona', 'Cayoja', '3412788LP', 'renzo.cayoja@gmail.com', 'Renzo', '76501283'),
(10012, now(), now(), null, 0, 'Méndez', 'Roca', '9921789SC', 'yamilka.roca@gmail.com', 'Yamilka', '77019345'),
(10013, now(), now(), null, 0, 'Quispe', 'Apaza', '5082123LP', 'rodrigo.apaza@gmail.com', 'Rodrigo', '78899321'),
(10014, now(), now(), null, 0, 'Rojas', 'Rivero', '3452710SC', 'samantha.rivero@gmail.com', 'Samantha', '78012111'),
(10015, now(), now(), null, 0, 'Illanes', 'Alarcón', '6531212LP', 'gabriel.alarcon@gmail.com', 'Gabriel', '78911234'),
(10016, now(), now(), null, 0, 'Gutierrez', 'Pinto', '7138288SC', 'fiorella.pinto@gmail.com', 'Fiorella', '76532191'),
(10017, now(), now(), null, 0, 'Mamani', 'Colque', '9123765LP', 'elias.colque@gmail.com', 'Elias', '78671352'),
(10018, now(), now(), null, 0, 'Ledezma', 'Dorado', '7521973SC', 'melanie.dorado@gmail.com', 'Melanie', '79218321'),
(10019, now(), now(), null, 0, 'Choque', 'Nina', '3348212LP', 'brayan.nina@gmail.com', 'Brayan', '70012344'),
(10020, now(), now(), null, 0, 'Soruco', 'Vargas', '4331921SC', 'nadia.vargas@gmail.com', 'Nadia', '77823103'),
(10021, now(), now(), null, 0, 'Cahuana', 'Calizaya', '8123923LP', 'elias.calizaya@gmail.com', 'Elías', '76543012'),
(10022, now(), now(), null, 0, 'Salazar', 'Moreno', '8291211SC', 'kiara.moreno@gmail.com', 'Kiara', '78432123'),
(10023, now(), now(), null, 0, 'Patzi', 'Quispe', '5094312LP', 'erick.quispe@gmail.com', 'Erick', '70192811'),
(10024, now(), now(), null, 0, 'Ardaya', 'Parada', '4339921SC', 'yasmani.parada@gmail.com', 'Yasmani', '78239201'),
(10025, now(), now(), null, 0, 'Aguirre', 'Chura', '6128712LP', 'sofia.chura@gmail.com', 'Sofía', '76233100'),
(10026, now(), now(), null, 0, 'Rivera', 'Morales', '7182932SC', 'ronald.morales@gmail.com', 'Ronald', '76501331'),
(10027, now(), now(), null, 0, 'Canaviri', 'Condori', '4192381LP', 'nelson.condori@gmail.com', 'Nelson', '79500231'),
(10028, now(), now(), null, 0, 'Justiniano', 'Fernández', '5592399SC', 'alejandra.fernandez@gmail.com', 'Alejandra', '78130213'),
(10029, now(), now(), null, 0, 'Poma', 'Copa', '9238912LP', 'victor.copa@gmail.com', 'Víctor', '71928312'),
(10030, now(), now(), null, 0, 'Camacho', 'Barbery', '4332155SC', 'camila.barbery@gmail.com', 'Camila', '78213999'),
(10031, now(), now(), null, 0, 'López', 'Vargas', '3412932LP', 'marcos.vargas@gmail.com', 'Marcos', '70192331'),
(10032, now(), now(), null, 0, 'Suárez', 'Ribera', '9213002SC', 'carla.ribera@gmail.com', 'Carla', '71920012'),
(10033, now(), now(), null, 0, 'Alvarado', 'Mollo', '4872932LP', 'jorge.mollo@gmail.com', 'Jorge', '76540009'),
(10034, now(), now(), null, 0, 'Añez', 'Dorado', '7123829SC', 'lorena.dorado@gmail.com', 'Lorena', '76592341'),
(10035, now(), now(), null, 0, 'Pacajes', 'Arispe', '5567819LP', 'jose.arispe@gmail.com', 'José', '72300011'),
(10036, now(), now(), null, 0, 'Pereira', 'Menacho', '8237123SC', 'ramiro.menacho@gmail.com', 'Ramiro', '70929300'),
(10037, now(), now(), null, 0, 'Huanca', 'Condori', '4023891LP', 'angel.condori@gmail.com', 'Ángel', '72091293'),
(10038, now(), now(), null, 0, 'Velarde', 'Romero', '7238921SC', 'noelia.romero@gmail.com', 'Noelia', '77019234'),
(10039, now(), now(), null, 0, 'Quispe', 'Catari', '5182371LP', 'julio.catari@gmail.com', 'Julio', '79032120'),
(10040, now(), now(), null, 0, 'Rosado', 'Méndez', '7293210SC', 'celeste.mendez@gmail.com', 'Celeste', '78420123'),
(10041, now(), now(), null, 0, 'Soria', 'Zeballos', '5112378LP', 'javier.zeballos@gmail.com', 'Javier', '71592341'),
(10042, now(), now(), null, 0, 'Soto', 'Valverde', '3139123SC', 'ines.valverde@gmail.com', 'Inés', '70021399'),
(10043, now(), now(), null, 0, 'Cutipa', 'Condori', '7131222LP', 'abigail.condori@gmail.com', 'Abigail', '79012344'),
(10044, now(), now(), null, 0, 'Lima', 'Cardozo', '7991823SC', 'hugo.cardozo@gmail.com', 'Hugo', '71192345'),
(10045, now(), now(), null, 0, 'Mamani', 'Quispe', '3192283LP', 'andrea.quispe@gmail.com', 'Andrea', '70011322'),
(10046, now(), now(), null, 0, 'Iriarte', 'Morón', '7293133SC', 'felipe.moron@gmail.com', 'Felipe', '72831230'),
(10047, now(), now(), null, 0, 'Huanca', 'Paredes', '4782193LP', 'milena.paredes@gmail.com', 'Milena', '76509234'),
(10048, now(), now(), null, 0, 'Salvatierra', 'Ardaya', '7339921SC', 'valeria.ardaya@gmail.com', 'Valeria', '70019234'),
(10049, now(), now(), null, 0, 'Layme', 'Illanes', '3192188LP', 'carlos.illanes@gmail.com', 'Carlos', '76839012'),
(10050, now(), now(), null, 0, 'Rojas', 'Torrico', '9321981SC', 'karen.torrico@gmail.com', 'Karen', '71908212');


insert into categoria (id_categoria, fec_mod, fec_reg, id_usu_mod, id_usu_reg, nombre_cat) values
(1, now(), now(), null, 0, 'Idiomas'),
(2, now(), now(), null, 0, 'Tecnologías de la Información'),
(3, now(), now(), null, 0, 'Administración y Gestión'),
(4, now(), now(), null, 0, 'Salud'),
(5, now(), now(), null, 0, 'Electricidad'),
(6, now(), now(), null, 0, 'Construcción'),
(7, now(), now(), null, 0, 'Gastronomía'),
(8, now(), now(), null, 0, 'Belleza y Estética');


insert into modalidad (id_modalidad, fec_mod, fec_reg, id_usu_mod, id_usu_reg, nombre) values
(1, now(), now(), null, 0, 'Presencial'),
(2, now(), now(), null, 0, 'Virtual'),
(3, now(), now(), null, 0, 'Semipresencial');


insert into programa (id_programa, fec_mod, fec_reg, id_usu_mod, id_usu_reg, est_programa, nombre_programa, fk_id_categoria, fk_id_modalidad) values
(1, now(), now(), null, 0, 'VIGENTE', 'Técnico Superior en Inglés', 1, 1),
(2, now(), now(), null, 0, 'VIGENTE', 'Curso de Auxiliar Contable', 3, 1),
(3, now(), now(), null, 0, 'VIGENTE', 'Técnico Medio en Redes y Telecomunicaciones', 2, 1),
(4, now(), now(), null, 0, 'VIGENTE', 'Técnico Básico en Gastronomía Boliviana', 7, 1),
(5, now(), now(), null, 0, 'VIGENTE', 'Curso de Electricidad Domiciliaria', 5, 1),
(6, now(), now(), null, 0, 'VIGENTE', 'Curso de Secretariado Ejecutivo', 3, 2),
(7, now(), now(), null, 0, 'VIGENTE', 'Curso de Computación Básica', 2, 2),
(8, now(), now(), null, 0, 'VIGENTE', 'Técnico Medio en Primeros Auxilios', 4, 3),
(9, now(), now(), null, 0, 'VIGENTE', 'Curso de Operador de Maquinaria Pesada', 6, 1),
(10, now(), now(), null, 0, 'VIGENTE', 'Técnico en Belleza Integral', 8, 1),
(11, now(), now(), null, 0, 'VIGENTE', 'Curso de Portugués Básico', 1, 2);

insert into nivel (id_nivel, fec_mod, fec_reg, id_usu_mod, id_usu_reg, nombre_nivel) values
(1, now(), now(), null, 0, 'Primer semestre'),
(2, now(), now(), null, 0, 'Segundo semestre'),
(3, now(), now(), null, 0, 'Tercer semestre'),
(4, now(), now(), null, 0, 'Cuarto semestre'),
(5, now(), now(), null, 0, 'Primer año'),
(6, now(), now(), null, 0, 'Segundo año');

-- Módulos para Técnico Superior en Inglés (id_programa = 1)
insert into modulo (id_modulo, fec_mod, fec_reg, id_usu_mod, id_usu_reg, competencia, nombre_mod) values
(1, now(), now(), null, 0, 'Comunicación oral y escrita en inglés básico.', 'Inglés Básico I'),
(2, now(), now(), null, 0, 'Comprensión y expresión oral en contextos laborales.', 'Inglés Intermedio I'),
(3, now(), now(), null, 0, 'Redacción de textos y manejo de vocabulario técnico.', 'Inglés Técnico para Negocios'),
(4, now(), now(), null, 0, 'Preparación para exámenes internacionales.', 'Preparación TOEFL');

-- Módulos para Curso de Auxiliar Contable (id_programa = 2)
insert into modulo (id_modulo, fec_mod, fec_reg, id_usu_mod, id_usu_reg, competencia, nombre_mod) values
(5, now(), now(), null, 0, 'Manejo básico de cuentas y registros contables.', 'Contabilidad Básica'),
(6, now(), now(), null, 0, 'Gestión de planillas y tributos.', 'Planillas y Tributación'),
(7, now(), now(), null, 0, 'Herramientas digitales para contabilidad.', 'Excel Contable');

-- Plan de estudio para Técnico Superior en Inglés (vigente)
insert into plan_estudio (id_plan_estudio, fec_mod, fec_reg, id_usu_mod, id_usu_reg, anho, vigente, fk_id_programa)
values (1, now(), now(), null, 0, 2024, true, 1);

-- Plan de estudio para Auxiliar Contable
insert into plan_estudio (id_plan_estudio, fec_mod, fec_reg, id_usu_mod, id_usu_reg, anho, vigente, fk_id_programa)
values (2, now(), now(), null, 0, 2024, true, 2);

-- Plan de estudio detalle para Técnico Superior en Inglés (programa 1, plan_estudio 1)
insert into plan_estudio_detalle (id_plan_estudio_detalle, fec_mod, fec_reg, id_usu_mod, id_usu_reg, carga_horaria, creditos, orden, sigla, fk_id_modulo, fk_id_nivel, fk_id_plan_estudio) values
(1, now(), now(), null, 0, 64, 5.0, 1, 'ING101', 1, 1, 1), -- Inglés Básico I
(2, now(), now(), null, 0, 64, 5.0, 2, 'ING201', 2, 2, 1); -- Inglés Intermedio I                                                                                                                                                     (3, now(), now(), null, 0, 48, 4.0, 3, 'ING301', 3, 3, 1), -- Inglés Técnico para Negocios                                                                                                                                                     (4, now(), now(), null, 0, 48, 4.0, 4, 'ING401', 4, 4, 1); -- Preparación TOEFL-- Plan de estudio detalle para Auxiliar Contable (programa 2, plan_estudio 2)

insert into plan_estudio_detalle (id_plan_estudio_detalle, fec_mod, fec_reg, id_usu_mod, id_usu_reg, carga_horaria, creditos, orden, sigla, fk_id_modulo, fk_id_nivel, fk_id_plan_estudio) values
(5, now(), now(), null, 0, 60, 5.0, 1, 'CON101', 5, 1, 2), -- Contabilidad Básica
(6, now(), now(), null, 0, 50, 4.0, 2, 'CON201', 6, 2, 2), -- Planillas y Tributación
(7, now(), now(), null, 0, 40, 3.0, 3, 'CON301', 7, 2, 2); -- Excel Contable

insert into configuracion_costo
(id_configuracion_costo, fec_mod, fec_reg, id_usu_mod, id_usu_reg, concepto, est_config, fec_fin_vig, fec_inicio_vig, monto_config, fk_id_programa) values
(1, now(), now(), null, 0, 'Matrícula', true, null, '2024-02-01', 150.00, 1),
(2, now(), now(), null, 0, 'Certificado de titulación', true, null, '2024-02-01', 200.00, 1);

insert into configuracion_costo(id_configuracion_costo, fec_mod, fec_reg, id_usu_mod, id_usu_reg, concepto, est_config, fec_fin_vig, fec_inicio_vig, monto_config, fk_id_programa) values
(3, now(), now(), null, 0, 'Matrícula', true, null, '2024-02-01', 100.00, 2),
(4, now(), now(), null, 0, 'Certificación final', true, null, '2024-02-01', 120.00, 2);


insert into preinscripcion (id_preinscripcion, fec_mod, fec_reg, id_usu_mod, id_usu_reg, celular, ci, materno, nombres, paterno, fk_id_programa) values
(1, now(), now(), null, 0, '71500201', '7890123LP', 'Uscamayta', 'Steven', 'Mamani', 1),
(2, now(), now(), null, 0, '76300002', '4231054SC', 'Da Silva', 'Luciana', 'Torres', 2),
(3, now(), now(), null, 0, '76532112', '5512931LP', 'Choque', 'Alexis', 'Quispe', 1),
(4, now(), now(), null, 0, '71123811', '9218383SC', 'Justiniano', 'Dayana', 'Flores', 2),
(5, now(), now(), null, 0, '78594218', '5539922LP', 'Calle', 'Jhoselyn', 'Limachi', 1),
(6, now(), now(), null, 0, '72620123', '8123441SC', 'Pereyra', 'Daniela', 'Vaca', 2),
(7, now(), now(), null, 0, '72582345', '4421983LP', 'Laura', 'Mauricio', 'Chambi', 1),
(8, now(), now(), null, 0, '75893212', '3499211SC', 'Suárez', 'Nicolás', 'Antelo', 2),
(9, now(), now(), null, 0, '70190213', '7812744LP', 'Ajhuacho', 'Sheyla', 'Aruquipa', 1),
(10, now(), now(), null, 0, '78930421', '5378345SC', 'Terceros', 'Dilan', 'Montaño', 2),
(11, now(), now(), null, 0, '76501283', '3412788LP', 'Ticona', 'Renzo', 'Cayoja', 1),
(12, now(), now(), null, 0, '77019345', '9921789SC', 'Méndez', 'Yamilka', 'Roca', 2),
(13, now(), now(), null, 0, '78899321', '5082123LP', 'Quispe', 'Rodrigo', 'Apaza', 1),
(14, now(), now(), null, 0, '78012111', '3452710SC', 'Rojas', 'Samantha', 'Rivero', 2),
(15, now(), now(), null, 0, '78911234', '6531212LP', 'Illanes', 'Gabriel', 'Alarcón', 1),
(16, now(), now(), null, 0, '76532191', '7138288SC', 'Gutierrez', 'Fiorella', 'Pinto', 2),
(17, now(), now(), null, 0, '78671352', '9123765LP', 'Mamani', 'Elias', 'Colque', 1),
(18, now(), now(), null, 0, '79218321', '7521973SC', 'Ledezma', 'Melanie', 'Dorado', 2),
(19, now(), now(), null, 0, '70012344', '3348212LP', 'Choque', 'Brayan', 'Nina', 1),
(20, now(), now(), null, 0, '77823103', '4331921SC', 'Soruco', 'Nadia', 'Vargas', 2),
(21, now(), now(), null, 0, '76543012', '8123923LP', 'Cahuana', 'Elías', 'Calizaya', 1),
(22, now(), now(), null, 0, '78432123', '8291211SC', 'Salazar', 'Kiara', 'Moreno', 2),
(23, now(), now(), null, 0, '70192811', '5094312LP', 'Patzi', 'Erick', 'Quispe', 1),
(24, now(), now(), null, 0, '78239201', '4339921SC', 'Ardaya', 'Yasmani', 'Parada', 2),
(25, now(), now(), null, 0, '76233100', '6128712LP', 'Aguirre', 'Sofía', 'Chura', 1),
(26, now(), now(), null, 0, '76501331', '7182932SC', 'Rivera', 'Ronald', 'Morales', 2),
(27, now(), now(), null, 0, '79500231', '4192381LP', 'Canaviri', 'Nelson', 'Condori', 1),
(28, now(), now(), null, 0, '78130213', '5592399SC', 'Justiniano', 'Alejandra', 'Fernández', 2),
(29, now(), now(), null, 0, '71928312', '9238912LP', 'Poma', 'Víctor', 'Copa', 1),
(30, now(), now(), null, 0, '78213999', '4332155SC', 'Camacho', 'Camila', 'Barbery', 2),
(31, now(), now(), null, 0, '70192331', '3412932LP', 'López', 'Marcos', 'Vargas', 1),
(32, now(), now(), null, 0, '71920012', '9213002SC', 'Suárez', 'Carla', 'Ribera', 2),
(33, now(), now(), null, 0, '76540009', '4872932LP', 'Alvarado', 'Jorge', 'Mollo', 1),
(34, now(), now(), null, 0, '76592341', '7123829SC', 'Añez', 'Lorena', 'Dorado', 2),
(35, now(), now(), null, 0, '72300011', '5567819LP', 'Pacajes', 'José', 'Arispe', 1),
(36, now(), now(), null, 0, '70929300', '8237123SC', 'Pereira', 'Ramiro', 'Menacho', 2),
(37, now(), now(), null, 0, '72091293', '4023891LP', 'Huanca', 'Ángel', 'Condori', 1),
(38, now(), now(), null, 0, '77019234', '7238921SC', 'Velarde', 'Noelia', 'Romero', 2),
(39, now(), now(), null, 0, '79032120', '5182371LP', 'Quispe', 'Julio', 'Catari', 1),
(40, now(), now(), null, 0, '78420123', '7293210SC', 'Rosado', 'Celeste', 'Méndez', 2),
(41, now(), now(), null, 0, '71592341', '5112378LP', 'Soria', 'Javier', 'Zeballos', 1),
(42, now(), now(), null, 0, '70021399', '3139123SC', 'Soto', 'Inés', 'Valverde', 2),
(43, now(), now(), null, 0, '79012344', '7131222LP', 'Cutipa', 'Abigail', 'Condori', 1),
(44, now(), now(), null, 0, '71192345', '7991823SC', 'Lima', 'Hugo', 'Cardozo', 2),
(45, now(), now(), null, 0, '70011322', '3192283LP', 'Mamani', 'Andrea', 'Quispe', 1),
(46, now(), now(), null, 0, '72831230', '7293133SC', 'Iriarte', 'Felipe', 'Morón', 2),
(47, now(), now(), null, 0, '76509234', '4782193LP', 'Huanca', 'Milena', 'Paredes', 1),
(48, now(), now(), null, 0, '70019234', '7339921SC', 'Salvatierra', 'Valeria', 'Ardaya', 2),
(49, now(), now(), null, 0, '76839012', '3192188LP', 'Layme', 'Carlos', 'Illanes', 1),
(50, now(), now(), null, 0, '71908212', '9321981SC', 'Rojas', 'Karen', 'Torrico', 2);


